{"flutter":{"platforms":{"ios":{"default":{"projectId":"project-a11d0","appId":"1:420195670606:ios:5795c0db258f6175e6011f","uploadDebugSymbols":false,"fileOutput":"ios/Runner/GoogleService-Info.plist"}},"macos":{"default":{"projectId":"project-a11d0","appId":"1:420195670606:ios:5795c0db258f6175e6011f","uploadDebugSymbols":false,"fileOutput":"macos/Runner/GoogleService-Info.plist"}},"dart":{"lib/firebase_options.dart":{"projectId":"project-a11d0","configurations":{"ios":"1:420195670606:ios:5795c0db258f6175e6011f","macos":"1:420195670606:ios:5795c0db258f6175e6011f","web":"1:420195670606:web:dd7875d0d61d0f5fe6011f"}}}}}}